resource,entity,rows,unique_timestamps,expected_rows,first_timestamp,last_timestamp,modal_interval_minutes,gaps_over_15_minutes,estimated_missing_rows
observations,02300,4320,4320,4320,2026-07-26T00:00:00-05:00,2026-09-08T23:45:00-05:00,15,0,0
observations,03000,4320,4320,4320,2026-07-26T00:00:00-05:00,2026-09-08T23:45:00-05:00,15,0,0
observations,05000,4320,4320,4320,2026-07-26T00:00:00-05:00,2026-09-08T23:45:00-05:00,15,0,0
observations,05100,4320,4320,4320,2026-07-26T00:00:00-05:00,2026-09-08T23:45:00-05:00,15,0,0
observations,06000,4320,4320,4320,2026-07-26T00:00:00-05:00,2026-09-08T23:45:00-05:00,15,0,0
observations,06111,4320,4320,4320,2026-07-26T00:00:00-05:00,2026-09-08T23:45:00-05:00,15,0,0
observations,07105,4320,4320,4320,2026-07-26T00:00:00-05:00,2026-09-08T23:45:00-05:00,15,0,0
observations,07107,4320,4320,4320,2026-07-26T00:00:00-05:00,2026-09-08T23:45:00-05:00,15,0,0
observations,07111,4320,4320,4320,2026-07-26T00:00:00-05:00,2026-09-08T23:45:00-05:00,15,0,0
observations,09000,4320,4320,4320,2026-07-26T00:00:00-05:00,2026-09-08T23:45:00-05:00,15,0,0
observations,09122,4320,4320,4320,2026-07-26T00:00:00-05:00,2026-09-08T23:45:00-05:00,15,0,0
observations,10009,4320,4320,4320,2026-07-26T00:00:00-05:00,2026-09-08T23:45:00-05:00,15,0,0
context,global,4320,4320,4320,2026-07-26T00:00:00-05:00,2026-09-08T23:45:00-05:00,15,0,0
